epoch,step,train_kl_loss,train_overlap_loss,train_recon_loss,train_rel_loss,train_total_loss,val_kl_loss,val_overlap_loss,val_recon_loss,val_rel_loss,val_total_loss
0,30,,,,,,0.09116130322217941,0.3854931592941284,0.2416107952594757,0.013081679120659828,4.171067237854004
0,61,,,,,,0.44197118282318115,1.045313835144043,3.248833417892456,0.013065661303699017,13.811495780944824
0,92,,,,,,0.5598829388618469,0.3985985219478607,3.6501760482788086,0.01415234711021185,7.762911796569824
0,99,0.4952370524406433,0.0,3.1913187503814697,0.011412542313337326,3.2979049682617188,,,,,
0,123,,,,,,0.5889403820037842,1.120083212852478,2.7504067420959473,0.015982691198587418,14.090047836303711
1,155,,,,,,0.5514444708824158,29.290620803833008,2.1084327697753906,0.18255949020385742,295.9824523925781
1,186,,,,,,1.3372793197631836,0.0927746593952179,2.8410258293151855,0.10933922231197357,4.449195861816406
1,199,0.5291386246681213,0.0,1.8495402336120605,0.009836224839091301,1.9516352415084839,,,,,
1,217,,,,,,1.299173355102539,0.6691462397575378,3.3860762119293213,1.5982829332351685,18.19886589050293
1,248,,,,,,0.639837920665741,0.8615863919258118,1.694014310836792,0.016572635620832443,10.456721305847168
2,280,,,,,,0.7750369310379028,0.002083276864141226,2.9315707683563232,0.016587000340223312,3.112842321395874
2,299,0.6114364266395569,0.0,7.641844272613525,0.009649993851780891,7.7512383460998535,,,,,
2,311,,,,,,0.7274200320243835,0.00012635010352823883,4.415987014770508,0.014393220655620098,4.561959743499756
2,342,,,,,,12.31935977935791,0.0009867151966318488,7.568064212799072,13.207367897033691,74.84667205810547
2,373,,,,,,0.6774916052818298,0.16668559610843658,1.5661791563034058,0.010410519316792488,3.352837562561035
3,399,0.6033499836921692,0.0,1.4939987659454346,0.009219611994922161,1.6004319190979004,,,,,
3,405,,,,,,0.6012142896652222,0.020609373226761818,1.2352468967437744,0.011731955222785473,1.5601218938827515
3,436,,,,,,0.6784319877624512,0.01415651012212038,1.1312936544418335,0.018070561811327934,1.4310544729232788
3,467,,,,,,0.5964950323104858,0.005234935320913792,1.0337854623794556,0.00943119265139103,1.1929402351379395
3,498,,,,,,0.7792884111404419,0.00015951538807712495,1.0757015943527222,0.02135084755718708,1.2619800567626953
3,499,0.5729644298553467,0.0,0.7978342175483704,0.007930160500109196,0.8947814702987671,,,,,
4,530,,,,,,0.5697605609893799,1.789501197890786e-06,0.802507221698761,0.008688046596944332,0.9029412865638733
4,561,,,,,,0.7391129732131958,0.0009944322519004345,0.826445460319519,0.012009288184344769,0.97034752368927
4,592,,,,,,0.6625586748123169,0.0008699997561052442,0.7239158153533936,0.019824128597974777,0.8979923725128174
4,599,0.5789129734039307,0.0,0.667792558670044,0.009371748194098473,0.7725425958633423,,,,,
4,623,,,,,,1.0017627477645874,8.732498099561781e-05,0.8118828535079956,0.03035569004714489,1.064711093902588
5,655,,,,,,0.8482891917228699,0.018610166385769844,0.6441653370857239,0.1879563331604004,1.8548767566680908
5,686,,,,,,0.6848557591438293,0.0018584812059998512,0.7216812968254089,0.015877317637205124,0.8881380558013916
5,699,0.5887081027030945,0.0,0.6284574866294861,0.00850251130759716,0.7298408150672913,,,,,
5,717,,,,,,0.6836206912994385,0.0019920789636671543,0.5690674781799316,0.013780997134745121,0.7262553572654724
5,748,,,,,,0.7008915543556213,5.3537674830295146e-05,0.7771405577659607,0.010919153690338135,0.9023611545562744
6,780,,,,,,0.9658764004707336,2.7184825739823282e-05,0.986933171749115,0.014660944230854511,1.1570969820022583
6,799,0.6021112203598022,0.0,0.5481207966804504,0.007810512091964483,0.6473844647407532,,,,,
6,811,,,,,,0.7344928979873657,0.003294213442131877,0.7326581478118896,0.06577471643686295,1.1679233312606812
6,842,,,,,,0.6803341507911682,0.0005596730625256896,0.6119269728660583,0.012444227002561092,0.7477783560752869
6,873,,,,,,0.6314248442649841,0.006958412006497383,0.47080427408218384,0.017258459702134132,0.6898232102394104
7,899,0.6322383284568787,0.0,0.3833886682987213,0.007319499272853136,0.4832099974155426,,,,,
7,905,,,,,,0.7471953630447388,2.2646750949206762e-05,0.5002093315124512,0.017579302191734314,0.6630517244338989
7,936,,,,,,0.6565575003623962,0.001482006860896945,0.429345041513443,0.009669186547398567,0.5581667423248291
7,967,,,,,,0.6247265934944153,0.000693594804033637,0.421901136636734,0.009931397624313831,0.5409667491912842
7,998,,,,,,0.7211536169052124,0.0043405648320913315,0.4714716076850891,0.014246012084186077,0.6582226157188416
7,999,0.5955436825752258,0.0,0.3853153884410858,0.007693042047321796,0.4833349585533142,,,,,
8,1030,,,,,,0.6403816938400269,0.00032410529092885554,0.4405393898487091,0.010485176928341389,0.5602445602416992
8,1061,,,,,,1.3061436414718628,0.631784200668335,1.8464198112487793,0.11681125313043594,8.878934860229492
8,1092,,,,,,1125.650390625,4696.45703125,4033.37646484375,2.6620075702667236,51123.82421875
8,1099,1.4739549160003662,0.0,14.651041030883789,0.00812385231256485,14.839055061340332,,,,,
8,1123,,,,,,32.58086013793945,6689.42578125,73.72958374023438,2.3920795917510986,66983.203125
9,1155,,,,,,4.830025672912598,3.11735893774312e-05,8.564123153686523,0.00897454284131527,9.09230899810791
9,1186,,,,,,198.776123046875,0.0008936357335187495,168.01136779785156,5.531976222991943,215.55784606933594
9,1199,2.3462607860565186,0.0,5.573041915893555,0.008610639721155167,5.85072135925293,,,,,
9,1217,,,,,,27.67487144470215,0.0,43.312496185302734,0.01222406979650259,46.141090393066406
9,1248,,,,,,16.08711814880371,0.0,8.831013679504395,0.012062087655067444,10.500036239624023
10,1280,,,,,,13.750750541687012,0.0,10.509754180908203,0.051121924072504044,12.140437126159668
10,1299,4.84319543838501,0.0,3.0873100757598877,0.008878067135810852,3.6160199642181396,,,,,
10,1311,,,,,,9.207085609436035,8.274404535768554e-06,6.744801044464111,0.020811155438423157,7.769648551940918
10,1342,,,,,,16.7214298248291,0.0,5.890700817108154,0.017818663269281387,7.651938438415527
10,1373,,,,,,21.139860153198242,8.373812306672335e-06,5.205291271209717,0.09425953030586243,7.790656089782715
11,1399,2.6726231575012207,0.0,1.5735464096069336,0.008648736402392387,1.8840523958206177,,,,,
11,1405,,,,,,12.381538391113281,0.000825060997158289,2.271700859069824,0.047064512968063354,3.7534279823303223
11,1436,,,,,,15.056931495666504,180.1343536376953,5.641456604003906,0.13507190346717834,1809.1661376953125
11,1467,,,,,,6.284296989440918,6.688785560982069e-07,2.8327364921569824,0.010711496695876122,3.5147316455841064
11,1498,,,,,,4.842557907104492,39.07923889160156,1.2810438871383667,0.02214840054512024,392.6684875488281
11,1499,3.1929309368133545,0.0,1.0459915399551392,0.009427152574062347,1.412420392036438,,,,,
12,1530,,,,,,4.670586585998535,0.0,1.1655473709106445,0.008891452103853226,1.6770635843276978
12,1561,,,,,,3.986966133117676,0.0,2.0348570346832275,0.008818655274808407,2.477646827697754
12,1592,,,,,,12.61824893951416,26.442617416381836,3.976404905319214,0.07015306502580643,270.0152282714844
12,1599,3.5653905868530273,0.0,0.966695249080658,0.007995374500751495,1.3632111549377441,,,,,
12,1623,,,,,,4.470191478729248,0.0010913896840065718,1.408158779144287,0.010725023224949837,1.9197168350219727
13,1655,,,,,,3.6181845664978027,0.024425191804766655,1.040220022201538,0.008466958068311214,1.6886249780654907
13,1686,,,,,,2.772458076477051,0.0003976700536441058,0.9126986265182495,0.008308944292366505,1.2354656457901
13,1699,2.216609239578247,0.0,0.7132872939109802,0.008965650573372841,0.9797764420509338,,,,,
13,1717,,,,,,15.61285400390625,55.19812774658203,2.0244739055633545,0.058482468128204346,555.8594360351562
13,1748,,,,,,6550.080078125,0.0,4287.58837890625,0.009136348031461239,4942.64208984375
14,1780,,,,,,107.73521423339844,0.0,100.7171401977539,0.007952079176902771,111.53041076660156
14,1799,29.908294677734375,0.0,61.361854553222656,0.007584481965750456,64.39060974121094,,,,,
14,1811,,,,,,35.271358489990234,0.0,52.86195755004883,0.00793542806059122,56.42875289916992
14,1842,,,,,,51.17915344238281,0.0,163.91427612304688,0.00800626166164875,169.07225036621094
14,1873,,,,,,291.82989501953125,0.0,490.71331787109375,0.01830693706870079,519.9878540039062
15,1899,18.623146057128906,0.0,15.116053581237793,0.009337383322417736,17.025054931640625,,,,,
15,1905,,,,,,305.6192626953125,0.0,387.5625915527344,0.008127368055284023,418.16522216796875
15,1936,,,,,,20.514497756958008,0.0,29.348848342895508,0.00810901541262865,31.44084358215332
15,1967,,,,,,18.14405059814453,0.0,14.746230125427246,0.00796182919293642,16.600440979003906
15,1998,,,,,,84.65003204345703,0.0,94.93478393554688,0.019263435155153275,103.4961166381836
15,1999,7.356106281280518,0.0,8.823691368103027,0.008984258398413658,9.604223251342773,,,,,
16,2030,,,,,,152.158935546875,1.718500607239548e-05,88.48706817626953,0.008056717924773693,103.74337768554688
16,2061,,,,,,80.47875213623047,0.002311035757884383,14.923917770385742,0.008033694699406624,23.035076141357422
16,2092,,,,,,15.218034744262695,0.0,11.613422393798828,0.007975415326654911,13.175102233886719
16,2099,7.082614421844482,0.0,6.713724136352539,0.007605257444083691,7.460011959075928,,,,,
16,2123,,,,,,9.986777305603027,0.00024696049513295293,5.727545738220215,0.007937552407383919,6.768381118774414
17,2155,,,,,,10.106390953063965,6.676367775071412e-05,4.17527961730957,0.007931772619485855,5.226246356964111
17,2186,,,,,,16.31268310546875,8.493688255839515e-06,8.596495628356934,0.01123786997050047,10.284037590026855
17,2199,6.32586145401001,0.0,4.526087284088135,0.007255750708281994,5.194952011108398,,,,,
17,2217,,,,,,262.9457092285156,2.2499256374430843e-05,105.0772705078125,0.009070656262338161,131.41741943359375
17,2248,,,,,,231.68856811523438,0.00014680562890134752,62.36479568481445,0.008257940411567688,85.57640075683594
18,2280,,,,,,149.86892700195312,0.0,166.09713745117188,0.012088620103895664,181.14442443847656
18,2299,6.166668891906738,0.0,2.7585928440093994,0.007841824553906918,3.414469003677368,,,,,
18,2311,,,,,,152.94769287109375,0.0023069363087415695,53.233734130859375,0.010173768736422062,68.60245513916016
18,2342,,,,,,8.299068450927734,4.7241741413017735e-05,2.8178606033325195,0.007977412082254887,3.6881282329559326
18,2373,,,,,,8.378307342529297,0.0,2.577448606491089,0.008276255801320076,3.456660270690918
19,2399,5.675633430480957,0.0,2.438030481338501,0.007682816591113806,3.0440077781677246,,,,,
19,2405,,,,,,7.553761005401611,1.872118991741445e-05,2.717536211013794,0.007939468137919903,3.512796640396118
19,2436,,,,,,89.55919647216797,0.0003420973662286997,42.91350173950195,0.011845516972243786,51.932071685791016
19,2467,,,,,,56.67182540893555,0.00014647786156274378,7.930837631225586,0.008125711232423782,13.640116691589355
19,2498,,,,,,6.90592622756958,0.0034106052480638027,2.1088457107543945,0.008215473033487797,2.874622106552124
19,2499,5.079622745513916,0.0,1.5494228601455688,0.007401308976113796,2.0943918228149414,,,,,
20,2530,,,,,,30.544828414916992,0.0007056234171614051,19.99637794494629,0.00817409809678793,23.098785400390625
20,2561,,,,,,11.15865707397461,0.0003262902027927339,2.4625213146209717,0.00886071752756834,3.6259539127349854
20,2592,,,,,,10.666600227355957,0.0003574505099095404,14.16187572479248,0.009216561913490295,15.278199195861816
20,2599,5.241211891174316,0.0018770804163068533,1.1696114540100098,0.007954823784530163,1.7522777318954468,,,,,
20,2623,,,,,,8.328878402709961,0.00027153195696882904,1.9792978763580322,0.008380897343158722,2.8568055629730225
21,2655,,,,,,11.4266357421875,0.0016895589651539922,2.655362367630005,0.007970455102622509,3.85477352142334
21,2686,,,,,,7.182767391204834,0.0013837453443557024,2.9173169136047363,0.00794383604079485,3.689152717590332
21,2699,6.288965225219727,0.0,1.993007779121399,0.0068169934675097466,2.655989408493042,,,,,
21,2717,,,,,,13.170695304870605,5.305424565449357e-05,3.6488900184631348,0.00914510153234005,5.012216567993164
21,2748,,,,,,114.11786651611328,0.0025872306432574987,10.870275497436523,0.009465374983847141,22.35525894165039
22,2780,,,,,,7.705074787139893,0.0005395152256824076,1.692188024520874,0.0170449148863554,2.5533156394958496
22,2799,4.6193060874938965,0.0,1.2797355651855469,0.007187424227595329,1.777603268623352,,,,,
22,2811,,,,,,33.23386001586914,8.539490750081313e-07,8.131057739257812,0.01030691433697939,11.505987167358398
22,2842,,,,,,19.184436798095703,9.657484042691067e-06,9.574752807617188,0.01132635772228241,11.54992389678955
22,2873,,,,,,563.3447265625,0.0001234171650139615,1083.196044921875,0.10058696568012238,1140.0347900390625
23,2899,4.294845104217529,8.620395965408534e-05,0.9904768466949463,0.008480622433125973,1.4632264375686646,,,,,
23,2905,,,,,,8.127702713012695,5.075717126601376e-06,1.1592004299163818,0.007984361611306667,2.0119433403015137
23,2936,,,,,,103.15054321289062,9.901232260745019e-06,90.89485931396484,0.0121139045804739,101.27058410644531
23,2967,,,,,,8.301248550415039,7.719729183008894e-05,3.529294967651367,0.013244767673313618,4.42641544342041
23,2998,,,,,,6.811032772064209,1.5711941159679554e-05,1.5739424228668213,0.00812102947384119,2.2958080768585205
23,2999,4.509799957275391,0.0,0.6774224638938904,0.007643003948032856,1.166617512702942,,,,,
24,3030,,,,,,5.77982234954834,3.9768285205354914e-05,0.9462018013000488,0.007982133887708187,1.5644927024841309
24,3061,,,,,,6.291545867919922,0.015331225469708443,1.2203655242919922,0.007993984036147594,2.042802095413208
24,3092,,,,,,41.336669921875,0.0026684075128287077,17.0704402923584,0.012897002510726452,21.295263290405273
24,3099,4.65228271484375,0.0,0.6269911527633667,0.009054881520569324,1.1374938488006592,,,,,
24,3123,,,,,,45.080841064453125,0.0011637473944574594,11.596586227416992,0.010515961796045303,16.168886184692383
25,3155,,,,,,5.661132335662842,1.7750327970134094e-05,0.6907890439033508,0.007969928905367851,1.2969294786453247
25,3186,,,,,,23.432334899902344,0.008207742124795914,1.644006609916687,0.0092385932803154,4.1155104637146
25,3199,4.460239410400391,0.008939285762608051,0.5193192362785339,0.008329963311553001,1.0963859558105469,,,,,
25,3217,,,,,,217.12518310546875,0.06932754814624786,20.4735107421875,0.00934425089508295,42.926025390625
25,3248,,,,,,4.545633792877197,1.3317524462763686e-05,0.9090415239334106,0.007967639714479446,1.4035764932632446
26,3280,,,,,,8.452219009399414,4.6470137021970004e-05,1.1874805688858032,0.008062400855123997,2.073478937149048
26,3299,4.025835037231445,0.0,0.6298040747642517,0.006654605735093355,1.0656605958938599,,,,,
26,3311,,,,,,6.063418865203857,0.0001072206869139336,0.9264948964118958,0.00809741485863924,1.5743961334228516
26,3342,,,,,,22.06369972229004,0.0003299653762951493,8.97325325012207,0.012622877955436707,11.2460355758667
26,3373,,,,,,4.523116111755371,0.0003886081394739449,0.5830059051513672,0.00811160821467638,1.0797616243362427
27,3399,4.034493923187256,0.0,0.4353366196155548,0.007321523502469063,0.8753936290740967,,,,,
27,3405,,,,,,5.263247489929199,0.018227528780698776,0.6134775876998901,0.007952992804348469,1.3618427515029907
27,3436,,,,,,28.880279541015625,1.2440583304851316e-05,6.826810836791992,0.009233903139829636,9.761134147644043
27,3467,,,,,,4.520544052124023,0.00010544639371801168,0.5137308835983276,0.00793040543794632,1.0064918994903564
27,3498,,,,,,5.261959075927734,0.0035536971408873796,0.7687763571739197,0.007950044237077236,1.3702596426010132
27,3499,3.943230628967285,0.0002099927660310641,0.35776013135910034,0.009158962406218052,0.7999778985977173,,,,,
28,3530,,,,,,5.093785762786865,0.01878717727959156,0.575362503528595,0.008359898813068867,1.3144125938415527
28,3561,,,,,,9.581645011901855,0.0007267657783813775,1.5081959962844849,0.007951520383358002,2.5133860111236572
28,3592,,,,,,6.836403846740723,0.0003293358313385397,1.4127802848815918,0.010537080466747284,2.1523990631103516
28,3599,3.946927547454834,0.0,0.5953717231750488,0.008456315845251083,1.0323461294174194,,,,,
28,3623,,,,,,6.279539585113525,7.600522076245397e-05,0.5758296847343445,0.007958414033055305,1.244335651397705
29,3655,,,,,,4.301157474517822,0.044983554631471634,0.47212231159210205,0.008054589852690697,1.3923465013504028
29,3686,,,,,,4.782042980194092,0.00024345472047571093,0.4261535406112671,0.00794448982924223,0.9465147852897644
29,3699,3.921692132949829,0.0,0.30988404154777527,0.008680222555994987,0.7454543709754944,,,,,
29,3717,,,,,,15.185068130493164,7.060118514345959e-05,1.2258161306381226,0.008111190982162952,2.7855844497680664
29,3748,,,,,,44.211666107177734,0.00025407547946088016,4.180143356323242,0.00808100588619709,8.644257545471191
30,3780,,,,,,4.660364627838135,0.0001711659861030057,0.42936739325523376,0.008106743916869164,0.9376492500305176
30,3799,3.6917128562927246,8.735946175875142e-05,0.37204688787460327,0.00814829207956791,0.7828332185745239,,,,,
30,3811,,,,,,4.006415367126465,4.2771924199769273e-05,0.3896270990371704,0.007950465194880962,0.8304487466812134
30,3842,,,,,,5.039684772491455,0.0015880747232586145,0.5340969562530518,0.007937583141028881,1.0936341285705566
30,3873,,,,,,43.96184539794922,0.0018329886952415109,13.09615421295166,0.011502902954816818,17.568180084228516
31,3899,3.601099729537964,0.0,0.2986852526664734,0.008085028268396854,0.6992203593254089,,,,,
31,3905,,,,,,4.575993061065674,0.8708593845367432,0.45430833101272583,0.008116052486002445,9.66108226776123
31,3936,,,,,,3.967341899871826,4.574256672640331e-05,0.41742920875549316,0.007919500581920147,0.8542183637619019
31,3967,,,,,,6.060489654541016,1.0941206710413098e-05,0.494614839553833,0.00831741001456976,1.1423604488372803
31,3998,,,,,,4.24268913269043,0.00016139373474288732,0.3588857650756836,0.007969656959176064,0.8246169090270996
31,3999,3.899752378463745,0.0,0.29891547560691833,0.007833180017769337,0.7280566096305847,,,,,
32,4030,,,,,,28.320844650268555,2.3571694782731356e-06,10.403470039367676,0.014524543657898903,13.308204650878906
32,4061,,,,,,4.819957256317139,1.7958571334020235e-05,0.39018407464027405,0.00804722961038351,0.9125955700874329
32,4092,,,,,,4.132689952850342,3.121313739029574e-06,2.140174150466919,0.007935840636491776,2.593153238296509
32,4099,3.483473777770996,0.0,1.4552127122879028,0.007820810191333294,1.8426642417907715,,,,,
32,4123,,,,,,4.736303806304932,0.0,0.6725162267684937,0.007938764058053493,1.1858407258987427
33,4155,,,,,,4.288527011871338,0.0,0.6817765235900879,0.00804060697555542,1.150832176208496
33,4186,,,,,,4.274653911590576,4.964402251061983e-06,0.4457845091819763,0.008047295734286308,0.9135361313819885
33,4199,3.4563655853271484,0.0,0.2862931787967682,0.008351360447704792,0.6736865639686584,,,,,
33,4217,,,,,,8.761487007141113,6.431771115700258e-09,1.2735525369644165,0.00842209905385971,2.1918115615844727
33,4248,,,,,,5.420918941497803,0.00017477328947279602,12.486093521118164,0.007995892316102982,13.069912910461426
34,4280,,,,,,50.46733474731445,6.829480298620183e-06,37.6568717956543,0.008171659894287586,42.744529724121094
34,4299,3.513375759124756,0.013206695206463337,0.9657348394393921,0.007705030497163534,1.4876644611358643,,,,,
34,4311,,,,,,4.550646781921387,1.2655357750190888e-05,1.0656683444976807,0.007924920879304409,1.560483694076538
34,4342,,,,,,3.4159114360809326,1.6638909073662944e-05,0.6183841228485107,0.007919000461697578,0.9997368454933167
34,4373,,,,,,3.6073501110076904,9.62436956797319e-07,0.7148504257202148,0.00798978004604578,1.115544080734253
35,4399,3.2164077758789062,0.0,0.6282287240028381,0.00837834645062685,0.9917612671852112,,,,,
35,4405,,,,,,6.300167560577393,3.273689799243584e-05,1.1809855699539185,0.007937484420835972,1.851016640663147
35,4436,,,,,,346.00341796875,2.6571968192001805e-05,603.0975952148438,0.02219715155661106,637.8092041015625
35,4467,,,,,,3.4342002868652344,4.096428892808035e-05,0.39691847562789917,0.007917654700577259,0.7803362011909485
35,4498,,,,,,4.150390148162842,0.0,0.49104052782058716,0.007923610508441925,0.945697546005249
35,4499,3.228461265563965,0.0,0.29171332716941833,0.007753642275929451,0.6533277034759521,,,,,
36,4530,,,,,,4.172346115112305,0.0,0.5169997215270996,0.007927323691546917,0.9738709926605225
36,4561,,,,,,18.764772415161133,0.0,4.166036128997803,0.008043003268539906,6.082729339599609
36,4592,,,,,,6.679772853851318,0.0002863081463146955,0.7131878137588501,0.007933756336569786,1.423696756362915
36,4599,3.246332883834839,0.0,0.26771247386932373,0.008031328208744526,0.6325024366378784,,,,,
36,4623,,,,,,3.7127583026885986,0.0,0.44848549365997314,0.007970624603331089,0.8596143126487732
37,4655,,,,,,5.118250370025635,5.910702839173609e-06,0.7423697710037231,0.007991737686097622,1.294212818145752
37,4686,,,,,,4.066668510437012,3.835642201011069e-05,0.5699703693389893,0.007924269884824753,1.0166420936584473
37,4699,3.153653621673584,0.0,0.3146727383136749,0.007703948300331831,0.66855788230896,,,,,
37,4717,,,,,,3.5716307163238525,0.7879348397254944,0.3155958354473114,0.007918661460280418,8.59170150756836
37,4748,,,,,,4.759610652923584,0.0,0.7950838208198547,0.007988722063601017,1.3109887838363647
38,4780,,,,,,3.493032217025757,1.0412069059384521e-05,0.30198147892951965,0.007916444912552834,0.6909711360931396
38,4799,3.0765016078948975,0.0,0.25345465540885925,0.00813506729900837,0.6017801761627197,,,,,
38,4811,,,,,,3.583636522293091,2.7018361379305134e-06,0.4334675669670105,0.007930148392915726,0.8315088152885437
38,4842,,,,,,5.732934474945068,0.0,0.5728680491447449,0.007925924845039845,1.185791254043579
38,4873,,,,,,14.933506965637207,1.6213639355555642e-06,2.8911032676696777,0.008208323270082474,4.425511837005615
39,4899,3.1495025157928467,0.0,0.21420732140541077,0.008649461902678013,0.5724048614501953,,,,,
39,4905,,,,,,3.808051109313965,7.304702176469391e-09,0.3086935579776764,0.007917530834674835,0.7290863394737244
39,4936,,,,,,7.706378936767578,2.538570242904825e-06,0.31761687994003296,0.007915203459560871,1.1278560161590576
39,4967,,,,,,3.89835786819458,0.0,0.4633157253265381,0.007938415743410587,0.8928434252738953
39,4998,,,,,,9.721651077270508,5.648112619383028e-06,0.4584249258041382,0.007931217551231384,1.4703024625778198
39,4999,3.011894702911377,0.0016403294866904616,0.188797727227211,0.006996599491685629,0.5413734912872314,,,,,
40,5030,,,,,,3.1142563819885254,1.507117303845007e-06,0.20086973905563354,0.007914368063211441,0.5518823266029358
40,5061,,,,,,3.225830316543579,6.08573009230895e-06,0.20414017140865326,0.00791728775948286,0.5663705468177795
40,5092,,,,,,4.86307430267334,0.0001899163908092305,0.447396844625473,0.008005736395716667,0.9756321310997009
40,5099,2.990935802459717,7.25724603398703e-05,0.1719406694173813,0.006906669121235609,0.5062932968139648,,,,,
40,5123,,,,,,4.02360725402832,2.1767871658084914e-05,0.4964738190174103,0.008038138970732689,0.9392430186271667
41,5155,,,,,,4.032647609710693,6.04380875302013e-05,0.46802806854248047,0.007923402823507786,0.9115143418312073
41,5186,,,,,,7.0634918212890625,3.9219894460984506e-06,0.44009673595428467,0.007935437373816967,1.1861624717712402
41,5199,2.766958236694336,5.96464415139053e-05,0.15917153656482697,0.006976474076509476,0.4713461995124817,,,,,
41,5217,,,,,,2.974541425704956,0.0005146610783413053,0.17571017146110535,0.007915372960269451,0.5178878307342529
41,5248,,,,,,3.178849220275879,3.6571516375261126e-06,0.183600053191185,0.007914380170404911,0.5410935282707214
42,5280,,,,,,2.9511795043945312,0.00014331650163512677,0.23544111847877502,0.007913625799119473,0.5715603232383728
42,5299,2.8263297080993652,0.0,0.13814537227153778,0.007242280058562756,0.45698973536491394,,,,,
42,5311,,,,,,3.072709083557129,3.5673213005793514e-07,0.19310863316059113,0.007916215807199478,0.5399640798568726
42,5342,,,,,,3.5151052474975586,0.002265190938487649,0.23932881653308868,0.0079248808324337,0.6531156897544861
42,5373,,,,,,30.619613647460938,8.28563715913333e-05,2.769120454788208,0.008215619251132011,5.872988224029541
43,5399,2.709822177886963,0.0,0.18302887678146362,0.007573032286018133,0.4918762743473053,,,,,
43,5405,,,,,,3.359642267227173,0.0,0.3170018494129181,0.007919271476566792,0.6925624012947083
43,5436,,,,,,5.435122013092041,0.0,0.4721981883049011,0.007924447767436504,1.0553327798843384
43,5467,,,,,,3.1461739540100098,0.0002255486324429512,0.1998765617609024,0.007917193695902824,0.55633544921875
43,5498,,,,,,2.907472610473633,0.00016535419854335487,0.15332049131393433,0.007913066074252129,0.4852866530418396
43,5499,2.597099781036377,0.0,0.1509861946105957,0.007941877469420433,0.4504055678844452,,,,,
44,5530,,,,,,12.324435234069824,3.8493177271448076e-05,1.2147958278656006,0.008032398298382759,2.4877865314483643
44,5561,,,,,,3.1191112995147705,0.00042329373536631465,0.1842959076166153,0.00791587121784687,0.5400193929672241
44,5592,,,,,,3.1463534832000732,0.0,0.21197281777858734,0.007914413698017597,0.5661800503730774
44,5599,2.703824758529663,0.0,0.14601409435272217,0.008451740257441998,0.45865529775619507,,,,,
44,5623,,,,,,10.704243659973145,0.05924072861671448,0.79466712474823,0.00795853603631258,2.497291088104248
45,5655,,,,,,2.6976706981658936,0.005041874945163727,0.33934953808784485,0.007913995534181595,0.6991055011749268
45,5686,,,,,,2.770413637161255,0.002889408962801099,0.2264413684606552,0.007912663742899895,0.5719400644302368
45,5699,2.751277208328247,0.0020540475379675627,0.19481231272220612,0.0073275077156722546,0.5271180868148804,,,,,
45,5717,,,,,,3.502472400665283,0.0,0.3118093013763428,0.007915030233561993,0.7016315460205078
45,5748,,,,,,3.2803282737731934,0.0,0.24936382472515106,0.007917325012385845,0.61698317527771
46,5780,,,,,,2.8515517711639404,0.0,0.19385524094104767,0.007915263995528221,0.5185867547988892
46,5799,2.6674489974975586,0.0,0.204417884349823,0.006823464296758175,0.5052801370620728,,,,,
46,5811,,,,,,2.920469284057617,0.0,0.1972542256116867,0.007913214154541492,0.5288673043251038
46,5842,,,,,,2.770883083343506,0.0026630109641700983,0.19750379025936127,0.007913755252957344,0.5407910943031311
46,5873,,,,,,2.611084222793579,0.0014102975837886333,1.9791654348373413,0.007914413698017597,2.2939491271972656
47,5899,2.7891509532928467,0.0,0.7303035855293274,0.0074632735922932625,1.0465350151062012,,,,,
47,5905,,,,,,4.1369194984436035,0.0007522344822064042,0.7287251949310303,0.007912932895123959,1.1895041465759277
47,5936,,,,,,9.343169212341309,0.0007727742777206004,3.517210006713867,0.007961679250001907,4.499063968658447
47,5967,,,,,,2.644073963165283,0.0,12.57260513305664,0.007914903573691845,12.876582145690918
47,5998,,,,,,14161.298828125,0.0,9719.4150390625,0.01000816747546196,11135.595703125
47,5999,12.841178894042969,0.0,35.84870910644531,0.007176494691520929,37.16870880126953,,,,,
48,6030,,,,,,119607.8828125,2.9940478801727295,34408.80859375,0.025426840409636497,46399.66796875
48,6061,,,,,,1568.784423828125,0.0,2086.97265625,0.008403879590332508,2243.89306640625
48,6092,,,,,,108.42823028564453,0.0,59.01381301879883,0.008003358729183674,69.89664459228516
48,6099,6.403292655944824,0.0,4.938289642333984,0.008775177411735058,5.622494697570801,,,,,
48,6123,,,,,,16.212812423706055,125.00834655761719,5.213036060333252,0.007916752249002457,1256.95751953125
49,6155,,,,,,31.88605499267578,0.0,8.87771987915039,0.007919355295598507,12.105925559997559
49,6186,,,,,,6.681369781494141,0.08303122967481613,3.538551092147827,0.007913857698440552,5.076570510864258
49,6199,5.646894454956055,0.0,2.5120954513549805,0.007169706746935844,3.112633466720581,,,,,
49,6217,,,,,,51.792503356933594,0.0,10.013618469238281,0.007925912737846375,15.232500076293945
49,6248,,,,,,14.242143630981445,0.0007004124345257878,4.9887824058532715,0.007944933138787746,6.459726333618164
50,6280,,,,,,64.56438446044922,0.0,40.880210876464844,0.008029581047594547,47.376800537109375
50,6299,5.348129749298096,0.0,7.0355610847473145,0.008110897615551949,7.610928535461426,,,,,
50,6311,,,,,,11.97437858581543,0.0,5.71666955947876,0.007913914509117603,6.953676700592041
50,6342,,,,,,22.001480102539062,0.0,8.722551345825195,0.007920238189399242,10.962300300598145
50,6373,,,,,,16.750539779663086,0.0,6.652207374572754,0.007931960746645927,8.366923332214355
51,6399,4.718815326690674,0.0,1.9333783388137817,0.008141132071614265,2.445965528488159,,,,,
51,6405,,,,,,8.210501670837402,1.580151729285717e-05,2.3474862575531006,0.007914070039987564,3.208265542984009
51,6436,,,,,,15.782478332519531,0.0,3.9787757396698,0.007918914780020714,5.596617698669434
51,6467,,,,,,10.797568321228027,0.0,2.4371585845947266,0.007915602996945381,3.556494951248169
51,6498,,,,,,5.2512969970703125,0.0,1.4479962587356567,0.007912014611065388,2.012686252593994
51,6499,4.390923500061035,0.0,1.4762355089187622,0.007598579861223698,1.953320860862732,,,,,
52,6530,,,,,,30.201753616333008,417.8960266113281,8.634716033935547,0.007986567914485931,4190.6552734375
52,6561,,,,,,6.00498104095459,9.119854075834155e-05,1.599923849105835,0.007913587614893913,2.240902900695801
52,6592,,,,,,9.127671241760254,145.0918731689453,2.73905611038208,0.00791809894144535,1454.610107421875
52,6599,3.8757083415985107,0.0,1.1171663999557495,0.007164198439568281,1.5405582189559937,,,,,
52,6623,,,,,,6.124842166900635,200.79522705078125,1.3650767803192139,0.007914009504020214,2009.9693603515625
53,6655,,,,,,108.08367919921875,89.16910552978516,51.79423522949219,0.008364085108041763,954.3355102539062
53,6686,,,,,,10.138533592224121,222.95191955566406,2.098513603210449,0.007919322699308395,2232.671142578125
53,6699,4.276681900024414,0.0,0.9107720851898193,0.007005828432738781,1.3734694719314575,,,,,
53,6717,,,,,,5.659995079040527,0.0,1.1434589624404907,0.007916087284684181,1.7490390539169312
53,6748,,,,,,4.751365661621094,22.095815658569336,0.9063767790794373,0.007912841625511646,222.37930297851562
54,6780,,,,,,4.482112884521484,0.0,0.7609007358551025,0.007911423221230507,1.248668909072876
54,6799,4.018409729003906,0.0,0.7891283631324768,0.007061275653541088,1.2262756824493408,,,,,
54,6811,,,,,,4.2111077308654785,95.72799682617188,1.0657119750976562,0.007918442599475384,958.8065185546875
54,6842,,,,,,5.248067378997803,71.61900329589844,1.344917893409729,0.00792020559310913,718.0994873046875
54,6873,,,,,,79.9584732055664,67.03337860107422,29.662351608276367,0.008336595259606838,708.0338134765625
55,6899,3.8726682662963867,0.0,0.542302131652832,0.007721767295151949,0.968177855014801,,,,,
55,6905,,,,,,5.221786022186279,34.75783157348633,1.0057814121246338,0.007921174168586731,349.14593505859375
55,6936,,,,,,7.552906036376953,0.0,30.237133026123047,0.007926763966679573,31.03205108642578
55,6967,,,,,,545.8828125,0.0,172.18994140625,0.007953875698149204,226.81790161132812
55,6998,,,,,,5.907230854034424,0.000733948138076812,9.221423149108887,0.007914884947240353,9.859060287475586
55,6999,4.091874122619629,0.0,8.343708038330078,0.008251688443124294,8.794154167175293,,,,,
56,7030,,,,,,4.913975238800049,0.0,3.339252233505249,0.007913974113762379,3.8702189922332764
56,7061,,,,,,170.28517150878906,0.00927173811942339,27.020261764526367,0.00793555099517107,44.18117141723633
56,7092,,,,,,24.9614200592041,0.0002751714491751045,3.165801763534546,0.007914851419627666,5.7042694091796875
56,7099,4.6999430656433105,0.0,1.0419039726257324,0.0075569781474769115,1.5496832132339478,,,,,
56,7123,,,,,,15.067259788513184,0.0,1.9153687953948975,0.007912708446383476,3.461658239364624
57,7155,,,,,,6.8471550941467285,0.007898262701928616,1.3103013038635254,0.007915003225207329,2.113574266433716
57,7186,,,,,,192.8165283203125,1.2354353666305542,88.87755584716797,0.008255274966359138,120.55484771728516
57,7199,3.699272871017456,0.0,0.6799907684326172,0.00823015533387661,1.0910688638687134,,,,,
57,7217,,,,,,5.529670715332031,0.015892911702394485,0.7759377360343933,0.007912949658930302,1.5273983478546143
57,7248,,,,,,3.8019461631774902,0.008028555661439896,0.7255858182907104,0.00791255384683609,1.2256286144256592
58,7280,,,,,,3.806964874267578,0.0014114473015069962,0.628198504447937,0.007912902161478996,1.0625742673873901
58,7299,3.8474321365356445,0.0,0.5883434414863586,0.007362653501331806,1.0098999738693237,,,,,
58,7311,,,,,,9.364175796508789,0.0,0.813004195690155,0.007915298454463482,1.7889981269836426
58,7342,,,,,,2404.631103515625,0.0,738.1387329101562,0.017076386138796806,978.6871948242188
58,7373,,,,,,3.77606201171875,0.0,0.472508043050766,0.007911466993391514,0.8896716237068176
59,7399,3.7026500701904297,0.0,0.41103625297546387,0.008324997499585152,0.8229262232780457,,,,,
59,7405,,,,,,5.642190456390381,0.0015949683729559183,0.6366769075393677,0.007918944582343102,1.256440281867981
59,7436,,,,,,4.3488688468933105,0.0,0.4915976822376251,0.007919952273368835,0.9660842418670654
59,7467,,,,,,13.546992301940918,1.5958561562001705e-05,1.4542502164840698,0.007926198653876781,2.848740577697754
59,7498,,,,,,5.628760814666748,0.0,0.5622419118881226,0.007913985289633274,1.164688229560852
59,7499,3.515791893005371,0.0,0.40286505222320557,0.0075466264970600605,0.7921773791313171,,,,,
60,7530,,,,,,4.0820231437683105,0.011082972399890423,0.4418772757053375,0.007912764325737953,1.0004732608795166
60,7561,,,,,,3.3436217308044434,0.006442290265113115,0.36361971497535706,0.00791486632078886,0.8019793629646301
60,7592,,,,,,3015.3349609375,0.0,1487.6435546875,0.007932670414447784,1789.2164306640625
60,7599,4.141489505767822,0.0,16.40711212158203,0.0075524370186030865,16.85902214050293,,,,,
60,7623,,,,,,20317.716796875,0.0,1386.0545654296875,0.00802068691700697,3417.8662109375
61,7655,,,,,,47.573360443115234,0.0,12.088708877563477,0.007916481234133244,16.8856258392334
61,7686,,,,,,10.613003730773926,22.72288703918457,3.8631794452667236,0.007913819514214993,232.1929473876953
61,7699,3.693613290786743,0.0,2.677621841430664,0.008304054848849773,3.08850359916687,,,,,
61,7717,,,,,,9.150444030761719,0.0,2.592162609100342,0.007914798334240913,3.546781301498413
61,7748,,,,,,7.767409324645996,211.43136596679688,2.535740613937378,0.007917096838355064,2117.66552734375
62,7780,,,,,,7.953720569610596,106.27676391601562,2.221177816390991,0.007913787849247456,1065.823974609375
62,7799,3.490661144256592,0.0,1.427983283996582,0.007266846019774675,1.81338369846344,,,,,
62,7811,,,,,,7.027041912078857,73.6645736694336,1.6584101915359497,0.00791418831795454,739.04638671875
62,7842,,,,,,57.40068435668945,465.4320983886719,14.689814567565918,0.007918138988316059,4674.79052734375
62,7873,,,,,,135.65069580078125,0.0,11.921751022338867,0.007931877858936787,25.52648162841797
63,7899,3.1886041164398193,0.0,0.8571282029151917,0.006909661460667849,1.2105369567871094,,,,,
63,7905,,,,,,18290.25,4.343889236450195,9438.37109375,0.012575478293001652,11310.8984375
63,7936,,,,,,4.44482946395874,55.97986602783203,0.8839182257652283,0.007916395552456379,561.1668090820312
63,7967,,,,,,3.944392442703247,3.1221067905426025,0.6794705986976624,0.007912939414381981,32.33454895019531
63,7998,,,,,,6.362156867980957,46.57319259643555,0.8418312072753906,0.007912533357739449,467.2496032714844
63,7999,3.0798821449279785,0.0,0.5436323285102844,0.006959800608456135,0.8864195346832275,,,,,
64,8030,,,,,,10.322343826293945,70.34134674072266,1.000009536743164,0.007915827445685863,705.4852294921875
64,8061,,,,,,12.519649505615234,488.1277770996094,2.0012385845184326,0.007915847934782505,4884.57080078125
64,8092,,,,,,3.615565776824951,155.27206420898438,0.7130576372146606,0.007913541048765182,1553.8350830078125
64,8099,3.1713297367095947,0.0,0.4131220877170563,0.008458616212010384,0.7725481390953064,,,,,
64,8123,,,,,,3.6974148750305176,134.7346954345703,0.6754655838012695,0.007912863045930862,1348.43212890625
65,8155,,,,,,4.177270889282227,263.32049560546875,0.9208256006240845,0.007914829067885876,2634.5830078125
65,8186,,,,,,3.5262701511383057,28.114479064941406,0.44526222348213196,0.007911845110356808,281.9822692871094
65,8199,2.7544493675231934,0.0,0.3456555902957916,0.007741108536720276,0.6598060727119446,,,,,
65,8217,,,,,,3.164088249206543,0.0,0.35934978723526,0.007912172935903072,0.7153192162513733
65,8248,,,,,,3.7282097339630127,0.0,0.6216453909873962,0.007916037924587727,1.0340467691421509
66,8280,,,,,,3.8232123851776123,0.0,0.4202241599559784,0.007912696339190006,0.8421089053153992
66,8299,2.8901662826538086,0.0,0.31485965847969055,0.007893411442637444,0.6433433294296265,,,,,
66,8311,,,,,,35.21174240112305,0.0,3.4904773235321045,0.007922150194644928,7.051261901855469
66,8342,,,,,,8.287992477416992,0.0,1.4849551916122437,0.007929059676826,2.3533997535705566
66,8373,,,,,,2.685283899307251,8.472405170323327e-05,0.3179953694343567,0.007912278175354004,0.6269324421882629
67,8399,2.6196727752685547,0.0,0.32714125514030457,0.008809122256934643,0.6331541538238525,,,,,
67,8405,,,,,,68.5452880859375,0.0,8.426880836486816,0.008041860535740852,15.321619987487793
67,8436,,,,,,3.8071675300598145,0.0,0.378467857837677,0.007910612970590591,0.798737645149231
67,8467,,,,,,19.30596351623535,0.0,2.1428847312927246,0.007923577912151814,4.11309814453125
67,8498,,,,,,3.2817587852478027,0.00017086457228288054,0.3081408739089966,0.007911098189651966,0.6775809526443481
67,8499,2.644105911254883,0.0,0.26464560627937317,0.006979603320360184,0.56395423412323,,,,,
68,8530,,,,,,12.862865447998047,0.0,1.5543394088745117,0.00792872253805399,2.880270004272461
68,8561,,,,,,4.070860862731934,0.11907479166984558,1.559332013130188,0.007915094494819641,3.1967413425445557
68,8592,,,,,,4.371372222900391,0.7844321131706238,2.190873146057129,0.007911724969744682,10.51188850402832
68,8599,2.9162702560424805,0.0,1.8879516124725342,0.007764970418065786,2.2184033393859863,,,,,
68,8623,,,,,,30.99538230895996,0.4988705515861511,3.5186243057250977,0.007913930341601372,11.646439552307129
69,8655,,,,,,3.0519914627075195,0.04895810782909393,0.8082002997398376,0.007909102365374565,1.6425261497497559
69,8686,,,,,,2.7294528484344482,0.0,0.6856562495231628,0.007908892817795277,0.9981462359428406
69,8699,2.9184086322784424,0.0,0.7845380902290344,0.008191913366317749,1.1173385381698608,,,,,
69,8717,,,,,,26.02756118774414,0.0,2.2619049549102783,0.007916230708360672,4.904242038726807
69,8748,,,,,,2122.906005859375,0.004567816387861967,1130.25146484375,0.011689652688801289,1342.6463623046875
70,8780,,,,,,19.312639236450195,0.0,1.194722056388855,0.007911606691777706,3.165543556213379
70,8799,2.5904736518859863,0.0,0.3910036087036133,0.00840813759714365,0.692091703414917,,,,,
70,8811,,,,,,131.93797302246094,0.0,28.72152328491211,0.007980575785040855,41.955223083496094
70,8842,,,,,,2.714798927307129,0.0,0.3778952360153198,0.007907523773610592,0.6889126300811768
70,8873,,,,,,5.532522201538086,0.0,0.44538697600364685,0.007909093983471394,1.0381847620010376
71,8899,2.4943275451660156,0.0,0.31400635838508606,0.007807835470885038,0.6024783253669739,,,,,
71,8905,,,,,,7.857316493988037,0.0,0.5817641615867615,0.00790904276072979,1.407041311264038
71,8936,,,,,,3.148273468017578,0.0,0.3151575028896332,0.00790792889893055,0.6695243716239929
71,8967,,,,,,3.0170602798461914,0.0,0.35524243116378784,0.007907549850642681,0.696486234664917
71,8998,,,,,,3.0055434703826904,0.0,0.33888348937034607,0.007908651605248451,0.6789811253547668
71,8999,2.4781901836395264,0.0,0.3601461350917816,0.009060513228178024,0.6532677412033081,,,,,
72,9030,,,,,,3.2657928466796875,0.0,0.3436911106109619,0.007907891646027565,0.7098098993301392
72,9061,,,,,,2.3943097591400146,0.0,0.28494152426719666,0.007907810620963573,0.563911497592926
72,9092,,,,,,6.900477886199951,0.0,0.808756411075592,0.00791063904762268,1.538357138633728
72,9099,2.387561321258545,0.0,0.25715669989585876,0.00869002565741539,0.5393629670143127,,,,,
72,9123,,,,,,3.7303621768951416,0.0,0.29782989621162415,0.007909085601568222,0.710411548614502
73,9155,,,,,,48.10060119628906,0.0,4.592925548553467,0.007928174920380116,9.442627906799316
73,9186,,,,,,2.5617730617523193,0.0,0.238260418176651,0.00790745485574007,0.5339750051498413
73,9199,2.252274751663208,0.0,0.23645535111427307,0.007945786230266094,0.5014117360115051,,,,,
73,9217,,,,,,3.179628372192383,0.0,0.27950912714004517,0.007907968014478683,0.6370118260383606
73,9248,,,,,,2.221989631652832,0.00013375449634622782,0.2322828322649002,0.007907886058092117,0.4953587055206299
74,9280,,,,,,3.5571255683898926,0.0,0.356429785490036,0.007912027649581432,0.7517025470733643
74,9299,2.176835298538208,0.0,0.19754894077777863,0.007228706497699022,0.4513760209083557,,,,,
74,9311,,,,,,4.418091773986816,0.0,0.45894482731819153,0.007912584580481052,0.9403166770935059
74,9342,,,,,,2.270369529724121,0.0,0.24442920088768005,0.007910889573395252,0.5110205411911011
74,9373,,,,,,2.433619976043701,4.260002242517658e-06,0.21503783762454987,0.00790968257933855,0.4979909062385559
75,9399,1.8746920824050903,0.0,0.17310386896133423,0.0076390900649130344,0.3987685441970825,,,,,
75,9405,,,,,,3.9550869464874268,2.7999412566259707e-08,0.5351112484931946,0.007944505661725998,0.9703425765037537
75,9436,,,,,,2.6760501861572266,1.1715899361774973e-08,0.2164953052997589,0.007908208295702934,0.5236412882804871
75,9467,,,,,,21.937252044677734,0.0,4.125643730163574,0.007990861311554909,6.359323978424072
75,9498,,,,,,2.0208513736724854,0.0,0.20136156678199768,0.007908962666988373,0.44299158453941345
75,9499,1.952396035194397,0.0,0.17295755445957184,0.007048461120575666,0.403439462184906,,,,,
76,9530,,,,,,1.9633375406265259,0.00029917643405497074,0.18300363421440125,0.007907943800091743,0.42186886072158813
76,9561,,,,,,2.2481331825256348,0.0,0.20258931815624237,0.007908187806606293,0.4669435918331146
76,9592,,,,,,2.0174944400787354,0.0,0.18349170684814453,0.007907389663159847,0.42477816343307495
76,9599,1.7367254495620728,0.0,0.15801477432250977,0.007956023328006268,0.3714674413204193,,,,,
76,9623,,,,,,2.3887619972229004,7.673525942664128e-06,0.2002251297235489,0.007908624596893787,0.47872111201286316
77,9655,,,,,,10.459210395812988,0.0,0.899880051612854,0.00793191697448492,1.9854607582092285
77,9686,,,,,,2.180086612701416,0.0,4.327295780181885,0.007913311012089252,4.5848708152771
77,9699,1.787644386291504,0.0,1.504530906677246,0.008759450167417526,1.7270926237106323,,,,,
77,9717,,,,,,1.8249411582946777,0.0,1.0902403593063354,0.007910259999334812,1.3122859001159668
77,9748,,,,,,2.1234943866729736,0.0,0.7477827668190002,0.007909546606242657,0.9996801614761353
78,9780,,,,,,2.6011693477630615,0.0,0.6093717217445374,0.007909523323178291,0.90903639793396
78,9799,1.553725242614746,0.0,0.4714301824569702,0.00876098033040762,0.6706075668334961,,,,,
78,9811,,,,,,2.13763689994812,0.0,0.44058069586753845,0.007909481413662434,0.6938918828964233
78,9842,,,,,,1.6689362525939941,0.0,0.38455435633659363,0.007910052314400673,0.5909981727600098
78,9873,,,,,,1.8543330430984497,0.0,0.3587910830974579,0.007909429259598255,0.583771288394928
79,9899,1.5295664072036743,0.0,0.35986968874931335,0.008434134535491467,0.5549969673156738,,,,,
79,9905,,,,,,1.7650905847549438,0.0,0.3006390631198883,0.00791008211672306,0.5166985988616943
79,9936,,,,,,1.613737940788269,0.0,0.2745845317840576,0.007909955456852913,0.4755081534385681
79,9967,,,,,,11.988543510437012,0.0,6.660281181335449,0.00828013475984335,7.900538444519043
79,9998,,,,,,2.2423229217529297,0.06346181035041809,0.6791093349456787,0.007938104681670666,1.5776503086090088
79,9999,1.4288157224655151,0.0,0.22845450043678284,0.007800815626978874,0.41034016013145447,,,,,
80,10030,,,,,,4.244406700134277,0.0,0.8572445511817932,0.008014692924916744,1.32175874710083
80,10061,,,,,,2.0394279956817627,0.1801420897245407,0.29147279262542725,0.007911046966910362,2.3363916873931885
80,10092,,,,,,1.3946958780288696,0.013231352902948856,0.7413181662559509,0.007912074215710163,1.052661657333374
80,10099,1.4239816665649414,0.0036249894183129072,0.4141591787338257,0.008935760706663132,0.6374860405921936,,,,,
80,10123,,,,,,4.1699113845825195,0.0,0.549955427646637,0.00791099201887846,1.00650155544281
81,10155,,,,,,5.048669815063477,0.0,1.968347191810608,0.00814575795084238,2.5139431953430176
81,10186,,,,,,1.3259414434432983,0.0,0.2023947834968567,0.007909881882369518,0.3745383024215698
81,10199,1.3061736822128296,0.0,0.21383151412010193,0.008861085399985313,0.38875430822372437,,,,,
81,10217,,,,,,1.5080969333648682,0.0,0.2421875298023224,0.007916204631328583,0.43257808685302734
81,10248,,,,,,1.9830585718154907,0.0,1.0105901956558228,0.007957587018609047,1.2486836910247803
82,10280,,,,,,1.3096600770950317,1.9830431483569555e-06,0.20912185311317444,0.007913170382380486,0.3796736001968384
82,10299,1.2883716821670532,0.0,0.16397647559642792,0.008456643670797348,0.3350968658924103,,,,,
82,10311,,,,,,1.5676851272583008,0.0,0.43582862615585327,0.00876706000417471,0.636432409286499
82,10342,,,,,,19.700590133666992,0.6176676154136658,43.18904113769531,0.007915784604847431,51.3753547668457
82,10373,,,,,,1994.196044921875,0.0028882003389298916,169.83563232421875,0.007912024855613708,369.3236083984375
83,10399,88.96958923339844,0.0,25.652284622192383,0.009375384077429771,34.59612274169922,,,,,
83,10405,,,,,,26.725086212158203,0.0,18.45050811767578,0.00791164394468069,21.16257095336914
83,10436,,,,,,19.580249786376953,0.0,11.034915924072266,0.007911915890872478,13.032498359680176
83,10467,,,,,,18.590545654296875,0.0,8.62164306640625,0.007911892607808113,10.52026081085205
83,10498,,,,,,12.033783912658691,5.133052809469518e-07,6.012661933898926,0.00791246723383665,7.255608558654785
83,10499,11.810980796813965,0.0,5.632634162902832,0.007414257153868675,6.850803375244141,,,,,
84,10530,,,,,,12.143595695495605,0.002096066949889064,4.657390594482422,0.00791198667138815,5.932272434234619
84,10561,,,,,,10.086587905883789,0.006944906897842884,3.513557195663452,0.007911925204098225,4.631224632263184
84,10592,,,,,,17.468385696411133,0.0,9.193121910095215,0.007911834865808487,10.979522705078125
84,10599,14.231097221374512,0.0,8.280060768127441,0.008097701705992222,9.743659019470215,,,,,
84,10623,,,,,,15.567573547363281,0.0,7.10884952545166,0.007911824621260166,8.705164909362793
85,10655,,,,,,13.121956825256348,0.0,5.231510162353516,0.007911576889455318,6.583262920379639
85,10686,,,,,,14.87028980255127,0.0,4.261913299560547,0.007911553606390953,5.788498878479004
85,10699,8.752411842346191,0.0,3.7533113956451416,0.008482472971081734,4.67096471786499,,,,,
85,10717,,,,,,11.233696937561035,0.0,3.4922678470611572,0.007911273278295994,4.655192852020264
85,10748,,,,,,9.926072120666504,0.0,3.166280508041382,0.007911602035164833,4.198444843292236
86,10780,,,,,,10.597107887268066,0.0,2.7152254581451416,0.007910968735814095,3.8144915103912354
86,10799,9.930660247802734,0.0,2.9215238094329834,0.008125529624521732,3.9552175998687744,,,,,
86,10811,,,,,,10.556392669677734,0.0,2.5201261043548584,0.007911347784101963,3.615321397781372
86,10842,,,,,,9.336725234985352,0.0,2.2554945945739746,0.007911025546491146,3.2287228107452393
86,10873,,,,,,78.9764175415039,0.0,3.5559747219085693,0.007911340333521366,11.493171691894531
87,10899,8.503751754760742,0.0,2.034907341003418,0.009047456085681915,2.9305198192596436,,,,,
87,10905,,,,,,20.566242218017578,0.0,2.109018325805664,0.007910977117717266,4.205198287963867
87,10936,,,,,,8.33200740814209,6.1250630096765235e-06,1.5803427696228027,0.007910778746008873,2.453158140182495
87,10967,,,,,,7.882072925567627,0.0,1.4866043329238892,0.007910647429525852,2.3143651485443115
87,10998,,,,,,7.8294219970703125,0.0,1.3431599140167236,0.007910571992397308,2.1656548976898193
87,10999,8.005769729614258,0.0,1.4967050552368164,0.006854832638055086,2.3315560817718506,,,,,
88,11030,,,,,,8.03777027130127,0.0,1.2584590911865234,0.007910623215138912,2.1017889976501465
88,11061,,,,,,8.182989120483398,0.0,1.2021914720535278,0.007910039275884628,2.0600407123565674
88,11092,,,,,,7.978512287139893,0.0,1.1249823570251465,0.007910487242043018,1.962386131286621
88,11099,7.87736701965332,0.0,1.1496983766555786,0.007520608138293028,1.9750381708145142,,,,,
88,11123,,,,,,7.726226806640625,0.0,1.0156986713409424,0.007910883985459805,1.8278752565383911
89,11155,,,,,,7.378630638122559,0.0,1.0663983821868896,0.007909554988145828,1.8438093662261963
89,11186,,,,,,7.39769983291626,0.0,0.9216391444206238,0.007910382933914661,1.7009608745574951
89,11199,7.101232051849365,0.0,0.9717845320701599,0.00766800669953227,1.720247745513916,,,,,
89,11217,,,,,,7.3178486824035645,0.0,0.8602622747421265,0.007909970358014107,1.6315968036651611
89,11248,,,,,,7.508756160736084,0.0,0.808663547039032,0.007911911234259605,1.5990986824035645
90,11280,,,,,,6.938725471496582,0.0,0.7462238073348999,0.007910732179880142,1.4796499013900757
90,11299,6.189997673034668,0.0,0.790456235408783,0.010184875689446926,1.4603804349899292,,,,,
90,11311,,,,,,7.119082927703857,0.0,0.6997811794281006,0.00791123602539301,1.4512455463409424
90,11342,,,,,,6.151915073394775,0.0,0.6591299772262573,0.00790969468653202,1.3138699531555176
90,11373,,,,,,6.953336238861084,0.32305237650871277,3.6531009674072266,0.007910645566880703,7.618512153625488
91,11399,6.545278072357178,0.0,3.3318002223968506,0.008029933087527752,4.026477813720703,,,,,
91,11405,,,,,,6.461537837982178,0.0,2.8719682693481445,0.00791093334555626,3.5576770305633545
91,11436,,,,,,6.769557476043701,0.0,2.153949499130249,0.007917506620287895,2.8704922199249268
91,11467,,,,,,6.446644306182861,0.0,1.6884441375732422,0.007910270243883133,2.3726603984832764
91,11498,,,,,,6.224989414215088,0.0,1.2424854040145874,0.007910004816949368,1.9045342206954956
91,11499,6.665715217590332,0.0,1.4244225025177002,0.009072099812328815,2.136354684829712,,,,,
92,11530,,,,,,6.874364852905273,0.0,1.1922593116760254,0.007910373620688915,1.919248104095459
92,11561,,,,,,5.78021240234375,0.0,0.9911073446273804,0.007910667918622494,1.6086820363998413
92,11592,,,,,,5.715909481048584,0.0,0.8481042385101318,0.007910049520432949,1.4592453241348267
92,11599,6.314295768737793,0.0,0.9348157644271851,0.008615361526608467,1.6093220710754395,,,,,
92,11623,,,,,,5.961358070373535,5.989710416542948e-08,0.7783328890800476,0.007911238819360733,1.4140254259109497
93,11655,,,,,,6.235065937042236,0.0,0.6886626482009888,0.007910603657364845,1.3517227172851562
93,11686,,,,,,5.858515739440918,0.0,0.598203182220459,0.007910652086138725,1.2236080169677734
93,11699,5.3621954917907715,0.0,0.6701505780220032,0.009368530474603176,1.253212809562683,,,,,
93,11717,,,,,,5.382805824279785,0.0,0.5571444630622864,0.007916552945971489,1.1350077390670776
93,11748,,,,,,5.519091606140137,0.0,0.5471126437187195,0.00791027583181858,1.1385732889175415
94,11780,,,,,,5.392269134521484,1.347342958979425e-06,0.5080209970474243,0.007913768291473389,1.0868299007415771
94,11799,5.794835090637207,0.0,0.4966673254966736,0.007543807849287987,1.1138699054718018,,,,,
94,11811,,,,,,8.030489921569824,0.0,0.718757152557373,0.007914295420050621,1.5613775253295898
94,11842,,,,,,5.002737522125244,0.0,0.4391990900039673,0.007916469126939774,0.9790552854537964
94,11873,,,,,,5.360589981079102,0.0,0.4244876503944397,0.007923534139990807,1.000164270401001
95,11899,5.013306617736816,0.0,0.39464840292930603,0.007367851212620735,0.9328182935714722,,,,,
95,11905,,,,,,4.811756610870361,0.0,0.4086013734340668,0.007974009960889816,0.9296474456787109
95,11936,,,,,,4.90905237197876,0.0,0.40324172377586365,0.007936498150229454,0.9338291883468628
95,11967,,,,,,4.568081855773926,0.0,0.3617984652519226,0.007965299300849438,0.8584333658218384
95,11998,,,,,,4.8551411628723145,0.0,0.368429034948349,0.007950453087687492,0.8936952948570251
95,11999,4.248664855957031,0.0,0.35112640261650085,0.00662590004503727,0.8091223835945129,,,,,
96,12030,,,,,,4.498155117034912,0.0,0.34454402327537537,0.008114743046462536,0.8349332213401794
96,12061,,,,,,5.467264652252197,0.0,0.43553444743156433,0.007923770695924759,1.0218796730041504
96,12092,,,,,,4.181540489196777,0.0,0.3085874319076538,0.007928439415991306,0.766383707523346
96,12099,4.180473804473877,0.0,0.3281417489051819,0.007924518547952175,0.785811722278595,,,,,
96,12123,,,,,,4.174008846282959,0.0,0.31278443336486816,0.007992025464773178,0.7701455950737
97,12155,,,,,,4.236058712005615,3.952762028802681e-07,0.30115363001823425,0.007955927401781082,0.7645431160926819
97,12186,,,,,,3.91365909576416,0.0,0.2842702269554138,0.008054211735725403,0.7159070372581482
97,12199,3.689007520675659,7.206465670606121e-05,0.29277172684669495,0.007500897161662579,0.6998975872993469,,,,,
97,12217,,,,,,3.9197685718536377,4.341711974120699e-05,0.2906605303287506,0.007911648601293564,0.7226297855377197
97,12248,,,,,,3.7341411113739014,0.0,0.270668625831604,0.008047855459153652,0.6843222379684448
98,12280,,,,,,3.843223810195923,8.471965315948182e-07,0.28629645705223083,0.007910522632300854,0.7101800441741943
98,12299,3.8076934814453125,0.0,0.3550510108470917,0.00761591549962759,0.7738999128341675,,,,,
98,12311,,,,,,3.9404733180999756,2.4058741473709233e-05,0.2944701015949249,0.008029249496757984,0.7289041876792908
98,12342,,,,,,3.608161687850952,0.0,0.26592132449150085,0.008008656091988087,0.6667808890342712
98,12373,,,,,,3.628685712814331,0.0,0.24582292139530182,0.008059820160269737,0.6489906311035156
99,12399,3.1849868297576904,0.059149883687496185,0.28425273299217224,0.009579035453498363,1.2421455383300781,,,,,
99,12405,,,,,,3.3507416248321533,0.0,0.2655121386051178,0.0079653887078166,0.6404132843017578
99,12436,,,,,,3.3626506328582764,0.0,0.23901516199111938,0.008158095180988312,0.6160708665847778
99,12467,,,,,,3.2250473499298096,3.075211338909867e-07,0.22793281078338623,0.00809579435735941,0.5909194946289062
99,12498,,,,,,3.521876573562622,0.0,0.2253025323152542,0.008030452765524387,0.6176426410675049
99,12499,2.791649103164673,0.0,0.24660749733448029,0.007962117902934551,0.5655829906463623,,,,,
